,Unnamed: 0.1,Unnamed: 0.1.1,Unnamed: 0.1.1.1,character,start (min),end (min),duration
0,0,0,0,Hippi,0.8000160000000001,3.750075,2.9500589999999995
1,1,1,1,Honey,2.9000580000000005,3.750075,0.8500169999999994
2,2,2,2,Hippi,4.733428000000001,27.433882000000004,22.700454000000004
3,3,3,3,Honey,6.4167950000000005,27.433882000000004,21.017087000000004
4,4,4,4,Hippi,27.433882000000004,46.234258000000004,18.800376
5,5,5,5,Honey,27.733888000000004,46.234258000000004,18.50037
6,6,6,6,Guest appearance as a MMA Fighter,29.700594,46.234258000000004,16.533664000000005
7,7,7,7,Sneha,32.83399,46.234258000000004,13.400268000000004
8,8,8,8,HD,36.400728,46.234258000000004,9.833530000000003
9,9,9,9,Sneha,46.234258000000004,62.21791100000001,15.983653000000004
10,10,10,10,Hippi,46.26759200000001,62.21791100000001,15.950319
11,11,11,11,Honey,46.700934000000004,62.21791100000001,15.516977000000004
12,12,12,12,HD,49.65099300000001,62.21791100000001,12.566918
13,13,13,13,Hippi,62.21791100000001,83.06832800000002,20.85041700000001
14,14,14,14,HD,62.21791100000001,83.06832800000002,20.85041700000001
15,15,15,15,Honey,63.61793900000001,83.06832800000002,19.45038900000001
16,16,16,16,Sneha,63.68460700000001,83.06832800000002,19.383721000000016
17,17,17,17,Hippi,83.06832800000002,117.73568799999998,34.66735999999996
18,18,18,18,HD,83.08499499999998,117.73568799999998,34.650693000000004
19,19,19,19,Honey,83.08499499999998,117.73568799999998,34.650693000000004
20,20,20,20,Hippi,117.73568799999998,139.08611499999998,21.350427
21,21,21,21,Honey,117.95235900000002,139.08611499999998,21.133755999999963
